forecast_id,report_date,as_of,market,venue,ticker,benchmark,horizon_type,reference_close_date,reference_close,reference_source,forecast_target_date,forecast_direction,forecast_range_low,forecast_range_high,confidence,probability_up,thesis,confirmation,invalidation,actual_close_date,actual_close,actual_source,realized_return_pct,direction_hit,range_hit,status,scoring_notes
2026-09-30-us-aapl-weekly,2026-09-30,2026-09-30T14:38:16Z,US,NASDAQ,AAPL,SPY,week_end,2026-09-30,338.74,https://finance.yahoo.com/quote/AAPL/,2026-10-09,up,343,358,low,,PCE relief may support growth shares if yields continue easing.,Yields hold/ease and index breadth improves.,Yields rise or broad index breaks recent low.,,,,,,,pending,Qualitative scenario band; US quote snapshot 14:38 UTC.
2026-09-30-us-nvda-weekly,2026-09-30,2026-09-30T14:38:16Z,US,NASDAQ,NVDA,QQQ,week_end,2026-09-30,230.39,https://finance.yahoo.com/quote/NVDA/,2026-10-09,up,226,248,low,,Buyback headline and easing-yield scenario are supportive; valuation and AI capex remain risks.,Yields ease and semiconductor breadth holds.,Yield rebound or AI demand/capex disconfirmation.,,,,,,,pending,Qualitative scenario band; not an option-implied range.
2026-09-30-us-msft-weekly,2026-09-30,2026-09-30T14:38:20Z,US,NASDAQ,MSFT,QQQ,week_end,2026-09-30,517.54,https://finance.yahoo.com/quote/MSFT/,2026-10-09,sideways,508,538,low,,Broad rate relief offsets elevated-yield and macro event risks.,Holds relative strength as yields stabilize.,Rising yields or broad market breakdown.,,,,,,,pending,Qualitative scenario band; no specific near-term company catalyst verified.
2026-09-30-us-meta-weekly,2026-09-30,2026-09-30T14:38:14Z,US,NASDAQ,META,QQQ,week_end,2026-09-30,725.49,https://finance.yahoo.com/quote/META/,2026-10-09,down,700,745,low,,Underperformed during this session while the broad market rose; single-session weakness may reverse.,Continued relative weakness confirms downside bias.,Reclaim of relative strength or broad tech rally.,,,,,,,pending,Qualitative downside-tilted range; weak evidence and high reversal risk.
2026-09-30-us-spy-weekly,2026-09-30,2026-09-30T14:38:11Z,US,NYSE Arca,SPY,SPX,week_end,2026-09-30,767.72,https://finance.yahoo.com/quote/SPY/,2026-10-09,sideways,752,790,low,,Cooler PCE is offset by elevated yields and labor/services releases.,Recent lows hold and breadth improves.,Payroll/services surprise pushes yields higher and index breaks recent low.,,,,,,,pending,Qualitative scenario band; benchmark ETF.
2026-09-30-us-qqq-weekly,2026-09-30,2026-09-30T14:38:19Z,US,NASDAQ,QQQ,NDX,week_end,2026-09-30,742.60,https://finance.yahoo.com/quote/QQQ/,2026-10-09,up,738,775,low,,Softer inflation may support duration-sensitive growth exposure; concentration raises downside risk.,Yields ease and large-cap growth relative strength holds.,Yield rebound or weak market breadth.,,,,,,,pending,Qualitative scenario band; not probability-calibrated.
2026-09-30-us-xle-weekly,2026-09-30,2026-09-30T14:38:06Z,US,NYSE Arca,XLE,SPY,week_end,2026-09-30,61.74,https://finance.yahoo.com/quote/XLE/,2026-10-09,sideways,60,63.5,low,,Supply-risk premium may support energy but can unwind if oil retreats or disruption remains absent.,Oil remains firm on verified supply risk.,Oil declines or supply concerns fade.,,,,,,,pending,Qualitative scenario band; manually set.
2026-09-30-my-tenaga-weekly,2026-09-30,2026-09-30T17:00:00+08:00,MY,Bursa Malaysia,5347,FBM KLCI,week_end,2026-09-30,12.96,https://www.klsescreener.com/v2/news/view/1800805/,2026-10-09,up,12.70,13.45,low,,"Utility-led rebound may continue, but broad Bursa breadth remains weak.",Utilities retain relative strength and KLCI breadth improves.,Rebound fades or broader index loses support.,,,,,,,pending,Bursa close on 30 Sep; MYR; qualitative scenario band.
2026-09-30-my-maybank-weekly,2026-09-30,2026-09-30T17:00:00+08:00,MY,Bursa Malaysia,1155,FBM KLCI,week_end,2026-09-30,9.99,https://www.klsescreener.com/v2/news/view/1800805/,2026-10-09,sideways,9.80,10.20,low,,Bank shares remain sensitive to foreign flows and weak breadth.,Financials stabilize and foreign selling eases.,Further banking-led weakness in the index.,,,,,,,pending,Bursa close on 30 Sep; MYR; qualitative scenario band.
2026-09-30-my-cimb-weekly,2026-09-30,2026-09-30T17:00:00+08:00,MY,Bursa Malaysia,1023,FBM KLCI,week_end,2026-09-30,7.79,https://www.investing.com/equities/bumiputra---commerce-holdings-bhd-historical-data,2026-10-09,sideways,7.60,8.00,low,,Recovery is possible if financials stabilize; prior sell-off and weak breadth remain risks.,Financials stabilize and KLCI participation improves.,Banking weakness resumes.,,,,,,,pending,Bursa close on 30 Sep; MYR; qualitative scenario band.
